{"cameraMode":{"drawMode":0,"name":"Shaded","section":"Shading Mode"},"sceneLighting":true,"audioPlay":false,"sceneViewState":{"m_AlwaysRefresh":false,"showFog":true,"showSkybox":true,"showFlares":true,"showImageEffects":true,"showParticleSystems":true,"showVisualEffectGraphs":true,"m_FxEnabled":true},"in2DMode":false,"pivot":{"x":-17.830249786376954,"y":-0.5495193004608154,"z":15.498318672180176},"rotation":{"x":-0.30814114212989809,"y":-0.05646901950240135,"z":0.018326064571738244,"w":-0.9494897723197937},"size":6.743521690368652,"orthographic":false}