{"cameraMode":{"drawMode":0,"name":"Shaded","section":"Shading Mode"},"sceneLighting":true,"audioPlay":false,"sceneViewState":{"m_AlwaysRefresh":false,"showFog":true,"showSkybox":true,"showFlares":true,"showImageEffects":true,"showParticleSystems":true,"showVisualEffectGraphs":true,"m_FxEnabled":true},"in2DMode":false,"pivot":{"x":0.021656036376953126,"y":3.3533623218536379,"z":0.2537904977798462},"rotation":{"x":-0.452720582485199,"y":-0.0008049929747357965,"z":0.00040933373384177685,"w":-0.8916631937026978},"size":13.997506141662598,"orthographic":false}