{"cameraMode":{"drawMode":0,"name":"Shaded","section":"Shading Mode"},"sceneLighting":false,"audioPlay":false,"sceneViewState":{"m_AlwaysRefresh":false,"showFog":true,"showSkybox":false,"showFlares":true,"showImageEffects":true,"showParticleSystems":true,"showVisualEffectGraphs":true,"m_FxEnabled":true},"in2DMode":false,"pivot":{"x":-7.120128631591797,"y":2.7800803184509279,"z":-11.929098129272461},"rotation":{"x":0.018786659464240075,"y":-0.9757290482521057,"z":0.09278608113527298,"w":0.19757916033267976},"size":14.653698921203614,"orthographic":false}